name,number,total
김,10689959 ,49575459
이,7306828 ,NONE
박,4192074 ,NONE
정,2407365 ,NONE
최,2340509 ,NONE
조,1453827 ,NONE
강,1268472 ,NONE
윤,1020547 ,NONE
장,1019993 ,NONE
임,1015182 ,NONE
신,985823 ,NONE
유,963296 ,NONE
한,773404 ,NONE
오,763281 ,NONE
서,751704 ,NONE
전,749257 ,NONE
권,705941 ,NONE
황,697171 ,NONE
안,685639 ,NONE
송,683494 ,NONE
홍,558853 ,NONE
양,529701 ,NONE
고,471396 ,NONE
문,464040 ,NONE
손,457303 ,NONE
배,400641 ,NONE
백,381986 ,NONE
허,326770 ,NONE
노,314927 ,NONE
남,275648 ,NONE
심,271749 ,NONE
하,232956 ,NONE
주,232006 ,NONE
구,208462 ,NONE
곽,203188 ,NONE
성,199124 ,NONE
차,194782 ,NONE
우,194713 ,NONE
진,186206 ,NONE
민,171740 ,NONE
류,163703 ,NONE
나,160946 ,NONE
지,159561 ,NONE
엄,144425 ,NONE
변,138789 ,NONE
채,131557 ,NONE
원,129522 ,NONE
방,128351 ,NONE
천,121780 ,NONE
공,91869 ,NONE
현,88824 ,NONE
함,80659 ,NONE
여,80656 ,NONE
염,69387 ,NONE
석,60558 ,NONE
추,60483 ,NONE
도,57874 ,NONE
소,53733 ,NONE
설,45583 ,NONE
선,42733 ,NONE
마,38949 ,NONE
길,38173 ,NONE
연,34766 ,NONE
위,31342 ,NONE
표,30743 ,NONE
명,29110 ,NONE
기,28829 ,NONE
반,28062 ,NONE
라,25960 ,NONE
왕,25565 ,NONE
금,25432 ,NONE
옥,25107 ,NONE
육,23455 ,NONE
인,22363 ,NONE
맹,22028 ,NONE
제,21976 ,NONE
모,21534 ,NONE
남궁,21308 ,NONE
탁,21099 ,NONE
국,20547 ,NONE
어,18849 ,NONE
경,16935 ,NONE
은,16894 ,NONE
편,16689 ,NONE
용,15276 ,NONE
예,13568 ,NONE
봉,12927 ,NONE
사,10730 ,NONE
부,10536 ,NONE
황보,10383 ,NONE
가,9936 ,NONE
복,9538 ,NONE
태,9063 ,NONE
목,8848 ,NONE
형,7239 ,NONE
피,6578 ,NONE
두,6428 ,NONE
감,6024 ,NONE
호,5829 ,NONE
제갈,5655 ,NONE
음,5604 ,NONE
빈,5593 ,NONE
동,5462 ,NONE
온,5418 ,NONE
사공,4476 ,NONE
시,4344 ,NONE
범,3826 ,NONE
선우,3588 ,NONE
좌,3374 ,NONE
팽,2935 ,NONE
승,2616 ,NONE
간,2517 ,NONE
상,2372 ,NONE
갈,2083 ,NONE
서문,2028 ,NONE
단,1611 ,NONE
견,1248 ,NONE
당,1141 ,NONE
